candidate,candidate_name,blob,file
hnd01monc,Rixi Ramona Moncada,raw/honduras/instagram/hnd01monc/3776240630402782706.json,3776240630402782706.json
hnd01monc,Rixi Ramona Moncada,raw/honduras/instagram/hnd01monc/3776984493673340180.json,3776984493673340180.json
hnd06hayd,Carmen Haydeé,raw/honduras/instagram/hnd06hayd/3763979459930885773.json,3763979459930885773.json
hnd06hayd,Carmen Haydeé,raw/honduras/instagram/hnd06hayd/3765046566735390755.json,3765046566735390755.json
hnd06hayd,Carmen Haydeé,raw/honduras/instagram/hnd06hayd/3765352778878019037.json,3765352778878019037.json
hnd06hayd,Carmen Haydeé,raw/honduras/instagram/hnd06hayd/3766019988944351208.json,3766019988944351208.json
hnd06hayd,Carmen Haydeé,raw/honduras/instagram/hnd06hayd/3766556315075204983.json,3766556315075204983.json
hnd06hayd,Carmen Haydeé,raw/honduras/instagram/hnd06hayd/3766844550103740852.json,3766844550103740852.json
hnd06hayd,Carmen Haydeé,raw/honduras/instagram/hnd06hayd/3766871262703132048.json,3766871262703132048.json
hnd06hayd,Carmen Haydeé,raw/honduras/instagram/hnd06hayd/3767315251776714366.json,3767315251776714366.json
hnd06hayd,Carmen Haydeé,raw/honduras/instagram/hnd06hayd/3768861375889141836.json,3768861375889141836.json
hnd06hayd,Carmen Haydeé,raw/honduras/instagram/hnd06hayd/3769025759151958274.json,3769025759151958274.json
hnd06hayd,Carmen Haydeé,raw/honduras/instagram/hnd06hayd/3769653275801710792.json,3769653275801710792.json
hnd06hayd,Carmen Haydeé,raw/honduras/instagram/hnd06hayd/3770311427958709989.json,3770311427958709989.json
hnd06hayd,Carmen Haydeé,raw/honduras/instagram/hnd06hayd/3772401672325662599.json,3772401672325662599.json
hnd06hayd,Carmen Haydeé,raw/honduras/instagram/hnd06hayd/3772615352250051031.json,3772615352250051031.json
hnd06hayd,Carmen Haydeé,raw/honduras/instagram/hnd06hayd/3772677586905001662.json,3772677586905001662.json
hnd06hayd,Carmen Haydeé,raw/honduras/instagram/hnd06hayd/3773814958929937698.json,3773814958929937698.json
hnd06hayd,Carmen Haydeé,raw/honduras/instagram/hnd06hayd/3775457246646660381.json,3775457246646660381.json
hnd06hayd,Carmen Haydeé,raw/honduras/instagram/hnd06hayd/3776136812990264757.json,3776136812990264757.json
hnd06hayd,Carmen Haydeé,raw/honduras/instagram/hnd06hayd/3777322181576227435.json,3777322181576227435.json
hnd06hayd,Carmen Haydeé,raw/honduras/instagram/hnd06hayd/3777412920914116824.json,3777412920914116824.json
hnd08cano,Lissi Matute Cano,raw/honduras/instagram/hnd08cano/3764435616747627181.json,3764435616747627181.json
hnd08cano,Lissi Matute Cano,raw/honduras/instagram/hnd08cano/3765000865791674988.json,3765000865791674988.json
hnd08cano,Lissi Matute Cano,raw/honduras/instagram/hnd08cano/3765239942872090208.json,3765239942872090208.json
hnd08cano,Lissi Matute Cano,raw/honduras/instagram/hnd08cano/3765260128270445951.json,3765260128270445951.json
hnd08cano,Lissi Matute Cano,raw/honduras/instagram/hnd08cano/3765390844216762687.json,3765390844216762687.json
hnd08cano,Lissi Matute Cano,raw/honduras/instagram/hnd08cano/3765810159332487356.json,3765810159332487356.json
hnd08cano,Lissi Matute Cano,raw/honduras/instagram/hnd08cano/3766713091137409510.json,3766713091137409510.json
hnd08cano,Lissi Matute Cano,raw/honduras/instagram/hnd08cano/3767273480451627602.json,3767273480451627602.json
hnd08cano,Lissi Matute Cano,raw/honduras/instagram/hnd08cano/3768074335992040153.json,3768074335992040153.json
hnd08cano,Lissi Matute Cano,raw/honduras/instagram/hnd08cano/3768079756466696457.json,3768079756466696457.json
hnd08cano,Lissi Matute Cano,raw/honduras/instagram/hnd08cano/3768645525227546282.json,3768645525227546282.json
hnd08cano,Lissi Matute Cano,raw/honduras/instagram/hnd08cano/3769524111489038581.json,3769524111489038581.json
hnd08cano,Lissi Matute Cano,raw/honduras/instagram/hnd08cano/3769828451965348332.json,3769828451965348332.json
hnd08cano,Lissi Matute Cano,raw/honduras/instagram/hnd08cano/3770068069885486720.json,3770068069885486720.json
hnd08cano,Lissi Matute Cano,raw/honduras/instagram/hnd08cano/3770069472351486070.json,3770069472351486070.json
hnd08cano,Lissi Matute Cano,raw/honduras/instagram/hnd08cano/3770096643875125230.json,3770096643875125230.json
hnd08cano,Lissi Matute Cano,raw/honduras/instagram/hnd08cano/3770179791707288777.json,3770179791707288777.json
hnd08cano,Lissi Matute Cano,raw/honduras/instagram/hnd08cano/3770446999330806720.json,3770446999330806720.json
hnd08cano,Lissi Matute Cano,raw/honduras/instagram/hnd08cano/3770865233557524866.json,3770865233557524866.json
hnd08cano,Lissi Matute Cano,raw/honduras/instagram/hnd08cano/3771619932618371147.json,3771619932618371147.json
hnd08cano,Lissi Matute Cano,raw/honduras/instagram/hnd08cano/3771933226953410398.json,3771933226953410398.json
hnd08cano,Lissi Matute Cano,raw/honduras/instagram/hnd08cano/3772273084226205844.json,3772273084226205844.json
hnd08cano,Lissi Matute Cano,raw/honduras/instagram/hnd08cano/3772978399468712966.json,3772978399468712966.json
hnd08cano,Lissi Matute Cano,raw/honduras/instagram/hnd08cano/3773402518513378316.json,3773402518513378316.json
hnd08cano,Lissi Matute Cano,raw/honduras/instagram/hnd08cano/3773912195973852803.json,3773912195973852803.json
hnd08cano,Lissi Matute Cano,raw/honduras/instagram/hnd08cano/3774699533432095981.json,3774699533432095981.json
hnd08cano,Lissi Matute Cano,raw/honduras/instagram/hnd08cano/3774773470379763875.json,3774773470379763875.json
hnd08cano,Lissi Matute Cano,raw/honduras/instagram/hnd08cano/3775250150982258824.json,3775250150982258824.json
hnd08cano,Lissi Matute Cano,raw/honduras/instagram/hnd08cano/3775449890189827693.json,3775449890189827693.json
hnd08cano,Lissi Matute Cano,raw/honduras/instagram/hnd08cano/3776581814325203896.json,3776581814325203896.json
hnd08cano,Lissi Matute Cano,raw/honduras/instagram/hnd08cano/3777003123186213322.json,3777003123186213322.json
hnd08cano,Lissi Matute Cano,raw/honduras/instagram/hnd08cano/3777315650969436798.json,3777315650969436798.json
hnd08cano,Lissi Matute Cano,raw/honduras/instagram/hnd08cano/3777626543250864902.json,3777626543250864902.json
hnd08cano,Lissi Matute Cano,raw/honduras/instagram/hnd08cano/3779646256428595099.json,3779646256428595099.json
hnd08cano,Lissi Matute Cano,raw/honduras/instagram/hnd08cano/3779774844704521810.json,3779774844704521810.json
hnd09sosa,Maria José Sosa,raw/honduras/instagram/hnd09sosa/3764766589442907335.json,3764766589442907335.json
hnd09sosa,Maria José Sosa,raw/honduras/instagram/hnd09sosa/3767610451479776215.json,3767610451479776215.json
hnd09sosa,Maria José Sosa,raw/honduras/instagram/hnd09sosa/3768971474163057003.json,3768971474163057003.json
hnd09sosa,Maria José Sosa,raw/honduras/instagram/hnd09sosa/3769480420732797549.json,3769480420732797549.json
hnd09sosa,Maria José Sosa,raw/honduras/instagram/hnd09sosa/3772508286399621297.json,3772508286399621297.json
hnd09sosa,Maria José Sosa,raw/honduras/instagram/hnd09sosa/3773313853695278668.json,3773313853695278668.json
hnd09sosa,Maria José Sosa,raw/honduras/instagram/hnd09sosa/3777712434023843762.json,3777712434023843762.json
hnd09sosa,Maria José Sosa,raw/honduras/instagram/hnd09sosa/3777754345488016620.json,3777754345488016620.json
hnd09sosa,Maria José Sosa,raw/honduras/instagram/hnd09sosa/3778844993663400697.json,3778844993663400697.json
hnd09sosa,Maria José Sosa,raw/honduras/instagram/hnd09sosa/3779838620061528658.json,3779838620061528658.json
hnd10sier,Grace Sierra,raw/honduras/instagram/hnd10sier/3763981892249825011.json,3763981892249825011.json
hnd10sier,Grace Sierra,raw/honduras/instagram/hnd10sier/3765826086396621221.json,3765826086396621221.json
hnd10sier,Grace Sierra,raw/honduras/instagram/hnd10sier/3776629394963021902.json,3776629394963021902.json
hnd10sier,Grace Sierra,raw/honduras/instagram/hnd10sier/3776753718034253631.json,3776753718034253631.json
hnd10sier,Grace Sierra,raw/honduras/instagram/hnd10sier/3776797667159586946.json,3776797667159586946.json
hnd10sier,Grace Sierra,raw/honduras/instagram/hnd10sier/3777852551719695673.json,3777852551719695673.json
hnd12ando,Daisy Andonie,raw/honduras/instagram/hnd12ando/3765900230945503254.json,3765900230945503254.json
hnd12ando,Daisy Andonie,raw/honduras/instagram/hnd12ando/3766533273715486146.json,3766533273715486146.json
hnd12ando,Daisy Andonie,raw/honduras/instagram/hnd12ando/3768134872506341634.json,3768134872506341634.json
hnd12ando,Daisy Andonie,raw/honduras/instagram/hnd12ando/3769402034625760940.json,3769402034625760940.json
hnd12ando,Daisy Andonie,raw/honduras/instagram/hnd12ando/3770387436137138279.json,3770387436137138279.json
hnd12ando,Daisy Andonie,raw/honduras/instagram/hnd12ando/3771707273145032449.json,3771707273145032449.json
hnd12ando,Daisy Andonie,raw/honduras/instagram/hnd12ando/3771806167156713372.json,3771806167156713372.json
hnd12ando,Daisy Andonie,raw/honduras/instagram/hnd12ando/3773225429159154499.json,3773225429159154499.json
hnd16asfu,Nasry Asfura,raw/honduras/instagram/hnd16asfu/3765907285555176138.json,3765907285555176138.json
hnd16asfu,Nasry Asfura,raw/honduras/instagram/hnd16asfu/3768320390390181276.json,3768320390390181276.json
